#set( $symbol_pound = '#' )
#set( $symbol_dollar = '$' )
#set( $symbol_escape = '\' )
<?xml version="1.0" encoding="UTF-8"?>
<!DOCTYPE xml>
<configuration>

  <appender name="STDOUT" class="ch.qos.logback.core.ConsoleAppender">
    <!-- encoders are assigned the type
         ch.qos.logback.classic.encoder.PatternLayoutEncoder by default -->
    <encoder>
      <pattern>%d{yyyy-MM-dd HH:mm:ss.SSS} [%thread] %-5level %logger{36} - %msg%n</pattern>
    </encoder>
  </appender>
   <!-- appender name="FILE" class="ch.qos.logback.core.rolling.RollingFileAppender">
        <file>C:/temp/logs/applicationear1.log</file>
        <rollingPolicy class="ch.qos.logback.core.rolling.TimeBasedRollingPolicy">
             
            <fileNamePattern>C:/temp/logs/applicationear1_%d{yyyy-MM-dd}.%i.log</fileNamePattern>

            <timeBasedFileNamingAndTriggeringPolicy class="ch.qos.logback.core.rolling.SizeAndTimeBasedFNATP">
                <maxFileSize>5MB</maxFileSize>
            </timeBasedFileNamingAndTriggeringPolicy>
             
            <maxHistory>30</maxHistory>
        </rollingPolicy>

        <encoder>
            <charset>UTF-8</charset>
            <pattern>%d %-4relative [%thread] %-5level %logger{35} - %msg%n</pattern>
        </encoder>
    </appender> -->
  <root level="info">
    <appender-ref ref="STDOUT" />
  </root>

</configuration>
