#set( $symbol_pound = '#' )
#set( $symbol_dollar = '$' )
#set( $symbol_escape = '\' )
<?xml version="1.0" encoding="UTF-8"?>
<beans xmlns="http://www.springframework.org/schema/beans"
    xmlns:camel="http://camel.apache.org/schema/spring"
    xmlns:context="http://www.springframework.org/schema/context"
    xmlns:xsi="http://www.w3.org/2001/XMLSchema-instance" xsi:schemaLocation="http://www.springframework.org/schema/beans http://www.springframework.org/schema/beans/spring-beans.xsd      http://www.springframework.org/schema/context http://www.springframework.org/schema/context/spring-context.xsd      http://camel.apache.org/schema/spring http://camel.apache.org/schema/spring/camel-spring.xsd">

    <context:property-placeholder local-override="true" location="classpath:application.properties"/>
    
    <camel:sslContextParameters id="restSSL">
        <camel:keyManagers keyPassword="{{server.certPwd}}">
            <camel:keyStore password="{{server.certPwd}}" resource="{{server.certPath}}"/>
        </camel:keyManagers>
        <camel:trustManagers>
            <camel:keyStore password="{{server.trustStorePwd}}" resource="{{server.trustStore}}"/>
        </camel:trustManagers>
        <camel:serverParameters clientAuthentication="WANT"/>
    </camel:sslContextParameters>
    
    <camelContext id="camel"
        xmlns="http://camel.apache.org/schema/spring">
        <camel:propertyPlaceholder id="prop" location="classpath:application.properties"/>
        
        <restConfiguration apiContextPath="/api-doc" bindingMode="off"
            contextPath="{{service.contextPath}}" enableCORS="true"
            port="{{service.port}}" scheme="https">
            <endpointProperty key="ssl" value="true"/>
            <endpointProperty key="sslContextParameters" value="${symbol_pound}restSSL"/>
            <endpointProperty key="needClientAuth" value="false"/>
            <dataFormatProperty key="prettyPrint" value="true"/>
            <apiProperty key="host" value="{{service.host}}"/>
            <apiProperty key="api.version" value="1.0.0"/>
            <apiProperty key="api.title" value="Citi Sample Spring-boot-${artifactId} Service"/>
            <apiProperty key="api.description" value="Accepts API POST request"/>
            <apiProperty key="api.contact.name" value="TODO"/>
        </restConfiguration>
        <rest consumes="application/xml" path="{{service.path}}" produces="application/xml">
            <description>Rest service, Prints out HTTP Request</description>
            <post>
                <description>Post a request and Print on console</description>
                <param description="Request" name="body"
                    required="true" type="body"/>
                <to uri="direct:rest-route-incoming"/>
            </post>
        </rest>
        <route id="rest-route-incoming" streamCache="true">
            <!-- Parse out the Request ID -->
            <from id="_from1" uri="direct:rest-route-incoming"/>
            <log id="_log1" message="Received HTTP request :${symbol_escape}n${symbol_dollar}{body}"/>
        </route>
    </camelContext>
</beans>
