#set( $symbol_pound = '#' )
#set( $symbol_dollar = '$' )
#set( $symbol_escape = '\' )
<?xml version="1.0" encoding="UTF-8"?>
<beans xmlns="http://www.springframework.org/schema/beans"
    xmlns:camel="http://camel.apache.org/schema/spring"
    xmlns:context="http://www.springframework.org/schema/context"
    xmlns:xsi="http://www.w3.org/2001/XMLSchema-instance" xsi:schemaLocation="http://www.springframework.org/schema/beans http://www.springframework.org/schema/beans/spring-beans.xsd      http://www.springframework.org/schema/context http://www.springframework.org/schema/context/spring-context.xsd      http://camel.apache.org/schema/spring http://camel.apache.org/schema/spring/camel-spring.xsd">

    <!-- configure the Oracle data source -->
    <bean id="dataSource" class="org.apache.commons.dbcp.BasicDataSource"  destroy-method="close">
	    <property name="driverClassName" value="${symbol_dollar}{oracle.driver.name}"/>
	    <property name="url" value="${symbol_dollar}{oracle.datasource.url}"/>
	    <property name="username" value="${symbol_dollar}{oracle.datasource.username}"/>
	    <property name="password" value="${symbol_dollar}{oracle.datasource.password}"/>
	    <property name="maxIdle" value="${symbol_dollar}{oracle.datasource.maxIdle}"/>
	    <property name="maxActive" value="${symbol_dollar}{oracle.datasource.maxActive}"/>
	    <property name="initialSize" value="${symbol_dollar}{oracle.datasource.initialSize}" />
    </bean>

	<!-- configure the Camel SQL component to use the JDBC data source -->
	<bean class="org.apache.camel.component.sql.SqlComponent" id="sql">
		<property name="dataSource" ref="dataSource" />
	</bean>
</beans>
