<?xml version="1.0" encoding="UTF-8"?>
<archetype-descriptor xsi:schemaLocation="http://maven.apache.org/plugins/maven-archetype-plugin/archetype-descriptor/1.0.0 http://maven.apache.org/xsd/archetype-descriptor-1.0.0.xsd" name="camel-oracle-rest-ssl"
    xmlns="http://maven.apache.org/plugins/maven-archetype-plugin/archetype-descriptor/1.0.0"
    xmlns:xsi="http://www.w3.org/2001/XMLSchema-instance">
  <requiredProperties>
    <requiredProperty key="groupId">
        <defaultValue>com.citibank.sample</defaultValue>
    </requiredProperty>
    <requiredProperty key="artifactId"/>
    <requiredProperty key="version">
        <defaultValue>1.0.0-SNAPSHOT</defaultValue>
    </requiredProperty>
    <requiredProperty key="package">
        <defaultValue>com.citibank.sample</defaultValue>
    </requiredProperty>
  </requiredProperties>
  <fileSets>
    <fileSet filtered="true" packaged="true" encoding="UTF-8">
      <directory>src/main/java</directory>
      <includes>
        <include>**/*.java</include>
      </includes>
    </fileSet>
    <fileSet encoding="UTF-8">
      <directory>src/main/java</directory>
      <includes>
        <include>**/*.MF</include>
      </includes>
    </fileSet>
    <fileSet filtered="true" encoding="UTF-8">
      <directory>src/main/resources</directory>
      <includes>
        <include>**/*.xml</include>
        <include>**/*.properties</include>
      </includes>
    </fileSet>
    <fileSet encoding="UTF-8">
      <directory>src/main/resources</directory>
      <includes>
        <include>**/*.p12</include>
        <include>**/*.jks</include>
        <include>**/*.yml</include>
        <include>**/*.pem</include>
      </includes>
    </fileSet>
    <fileSet filtered="true" encoding="UTF-8">
      <directory>src/test/resources</directory>
      <includes>
        <include>**/*.properties</include>
      </includes>
    </fileSet>
    <fileSet encoding="UTF-8">
      <directory>src/test/resources</directory>
      <includes>
        <include>**/*.yml</include>
      </includes>
    </fileSet>
    <fileSet filtered="true" encoding="UTF-8">
      <directory>data</directory>
      <includes>
        <include>**/*.xml</include>
      </includes>
    </fileSet>
    <fileSet encoding="UTF-8">
      <directory>schema</directory>
      <includes>
        <include>**/*.sql</include>
      </includes>
    </fileSet>
    <fileSet encoding="UTF-8">
      <directory></directory>
      <includes>
        <include>LICENSE.md</include>
      </includes>
    </fileSet>
  </fileSets>
</archetype-descriptor>
